curve,feedback_snr_db,historical_sum_rate_mean,rerun_sum_rate_mean,delta_bps_hz
CsiNet+,0.0,16.738492965698242,16.582544326782227,-0.15594863891601562
Allocation-specific specialist,0.0,11.287507057189941,11.281996726989746,-0.0055103302001953125
Swin-CFNet,0.0,24.7794189453125,24.697532653808594,-0.08188629150390625
Universal Proposed,0.0,10.74325942993164,10.691117286682129,-0.05214214324951172
CsiNet+,5.0,19.375165939331055,19.224639892578125,-0.1505260467529297
Allocation-specific specialist,5.0,16.10982322692871,16.05802345275879,-0.051799774169921875
Swin-CFNet,5.0,27.170312881469727,27.156362533569336,-0.013950347900390625
Universal Proposed,5.0,15.61828327178955,15.613838195800781,-0.004445075988769531
CsiNet+,10.0,20.685813903808594,20.533235549926758,-0.15257835388183594
Allocation-specific specialist,10.0,21.755104064941406,21.745811462402344,-0.0092926025390625
Swin-CFNet,10.0,28.286455154418945,28.247875213623047,-0.03857994079589844
Universal Proposed,10.0,21.0237979888916,21.04143524169922,0.017637252807617188
CsiNet+,15.0,21.20708465576172,21.06951332092285,-0.1375713348388672
Allocation-specific specialist,15.0,26.15117645263672,26.117332458496094,-0.033843994140625
Swin-CFNet,15.0,28.674570083618164,28.643526077270508,-0.03104400634765625
Universal Proposed,15.0,24.76025390625,24.830947875976562,0.0706939697265625
CsiNet+,20.0,21.39715576171875,21.249479293823242,-0.1476764678955078
Allocation-specific specialist,20.0,28.355615615844727,28.322031021118164,-0.0335845947265625
Swin-CFNet,20.0,28.81121253967285,28.767539978027344,-0.04367256164550781
Universal Proposed,20.0,26.586305618286133,26.668380737304688,0.08207511901855469
CsiNet+,25.0,21.454988479614258,21.317197799682617,-0.13779067993164062
Allocation-specific specialist,25.0,29.29336166381836,29.256986618041992,-0.03637504577636719
Swin-CFNet,25.0,28.854381561279297,28.815204620361328,-0.03917694091796875
Universal Proposed,25.0,27.29189682006836,27.370155334472656,0.07825851440429688
