curve,method_key,feedback_snr_db,downlink_snr_db,allocation_df,allocation_da,num_samples,seed,sum_rate_mean,sum_rate_se,nmse_db_mean
CsiNet+,csinet,0.0,25.0,64,0,1600,20260921,16.582544326782227,0.07597185373306274,0.9152831435203552
Feedback-SNR-robust specialist,robust_specialist,0.0,25.0,0,256,1600,20260921,14.724706649780273,0.06302307248115539,-6.873107433319092
Allocation-specific specialist,specialist_df0_da256,0.0,25.0,0,256,1600,20260921,11.281996726989746,0.06455501914024353,0.2211885303258896
Swin-CFNet,swin,0.0,25.0,64,0,1600,20260921,24.697532653808594,0.07502176761627197,0.22256618738174438
Universal Proposed,universal,0.0,25.0,0,256,1600,20260921,10.691117286682129,0.06179423332214355,1.1745890378952026
CsiNet+,csinet,5.0,25.0,64,0,1600,20260921,19.224639892578125,0.0924142599105835,0.9090417623519897
Feedback-SNR-robust specialist,robust_specialist,5.0,25.0,0,256,1600,20260921,19.48668670654297,0.07068864703178405,-9.5575532913208
Allocation-specific specialist,specialist_df0_da256,5.0,25.0,0,256,1600,20260921,16.05802345275879,0.07609689831733704,-1.2085555791854858
Swin-CFNet,swin,5.0,25.0,64,0,1600,20260921,27.156362533569336,0.08168506026268005,0.22283992171287537
Universal Proposed,universal,5.0,25.0,0,256,1600,20260921,15.613838195800781,0.07469075918197632,-1.5642030239105225
CsiNet+,csinet,10.0,25.0,64,0,1600,20260921,20.533235549926758,0.10171151161193848,0.9053848385810852
Feedback-SNR-robust specialist,robust_specialist,10.0,25.0,0,256,1600,20260921,23.79302215576172,0.07412857413291932,-11.149944305419922
Allocation-specific specialist,specialist_df0_da256,10.0,25.0,0,256,1600,20260921,21.745811462402344,0.0813819944858551,-5.818035125732422
Swin-CFNet,swin,10.0,25.0,64,0,1600,20260921,28.247875213623047,0.08623179793357849,0.22293193638324738
Universal Proposed,universal,10.0,25.0,0,256,1600,20260921,21.04143524169922,0.07654519081115722,-5.707742691040039
CsiNet+,csinet,15.0,25.0,64,0,1600,20260921,21.06951332092285,0.10586904287338257,0.9032890796661377
Feedback-SNR-robust specialist,robust_specialist,15.0,25.0,0,256,1600,20260921,26.847875595092773,0.07597231864929199,-12.01551628112793
Allocation-specific specialist,specialist_df0_da256,15.0,25.0,0,256,1600,20260921,26.117332458496094,0.07784550189971924,-10.44066047668457
Swin-CFNet,swin,15.0,25.0,64,0,1600,20260921,28.643526077270508,0.08816516995429993,0.22296056151390076
Universal Proposed,universal,15.0,25.0,0,256,1600,20260921,24.830947875976562,0.07491486072540283,-6.961698055267334
CsiNet+,csinet,20.0,25.0,64,0,1600,20260921,21.249479293823242,0.10748969316482544,0.9032434225082397
Feedback-SNR-robust specialist,robust_specialist,20.0,25.0,0,256,1600,20260921,28.661733627319336,0.07955169081687927,-12.441474914550781
Allocation-specific specialist,specialist_df0_da256,20.0,25.0,0,256,1600,20260921,28.322031021118164,0.08036753535270691,-12.192421913146973
Swin-CFNet,swin,20.0,25.0,64,0,1600,20260921,28.767539978027344,0.08900749087333679,0.22296170890331268
Universal Proposed,universal,20.0,25.0,0,256,1600,20260921,26.668380737304688,0.07551319003105164,-6.941066265106201
CsiNet+,csinet,25.0,25.0,64,0,1600,20260921,21.317197799682617,0.10826389789581299,0.9031863212585449
Feedback-SNR-robust specialist,robust_specialist,25.0,25.0,0,256,1600,20260921,29.514089584350586,0.08214812874794006,-12.647889137268066
Allocation-specific specialist,specialist_df0_da256,25.0,25.0,0,256,1600,20260921,29.256986618041992,0.08188319206237793,-13.137589454650879
Swin-CFNet,swin,25.0,25.0,64,0,1600,20260921,28.815204620361328,0.08915006518363952,0.22295984625816345
Universal Proposed,universal,25.0,25.0,0,256,1600,20260921,27.370155334472656,0.07599035501480103,-6.733905792236328
