scenario_id,k_users,antennas,subcarriers,feedback_budget,model_key,method_key,method_label,checkpoint_kind,checkpoint_step,checkpoint_path,allocation_df,allocation_da,fdma_fraction,aircomp_fraction,feedback_snr_db,downlink_snr_db,num_samples,sum_rate_mean,sum_rate_se,sum_rate_ci95_low,sum_rate_ci95_high,rzf_lambda,seed,precoder_power_mean,precoder_power_se,precoder_power_ci95_low,precoder_power_ci95_high,nmse_db_mean,nmse_db_se,nmse_db_ci95_low,nmse_db_ci95_high,method_type,curve
K4_Nsc256_Dfb256,4,32,256,256,csinet,csinet,CsiNet+-based FDMA,best,49500,/home/r50037942/project/03_PRECODER/runs_as_screen/baselines/checkpoints/csinet_task_K4_Nsc256_Dfb256_Df64_sharedUE_seed42/best.pth,64,0,1.0,0.0,0.0,25.0,1600,16.582544326782227,0.07597185373306274,16.433639493465424,16.73144916009903,0.001,20260921,256.0,1.294031221732439e-07,255.9999997463699,256.0000002536301,0.9152831435203552,0.014995741844177245,0.8858914895057678,0.9446747975349427,CsiNet+,CsiNet+
K4_Nsc256_Dfb256,4,32,256,256,proposed,robust_specialist,FB-SNR-robust specialist,best,20000,/home/r50037942/project/03_PRECODER/runs_as_screen/proposal_snr_robust/checkpoints/hybrid_gnn_specialist_K4_Nsc256_Dfb256_f000_a100_df0_da256_sb4_k4_n256_fb_robust_ft_seed42/best.pth,0,256,0.0,1.0,0.0,25.0,1600,14.724706649780273,0.06302307248115539,14.60118142771721,14.848231871843337,nan,20260921,256.0,0.0,256.0,256.0,-6.873107433319092,0.043261903524398806,-6.957900764226913,-6.78831410241127,robust_specialist,Feedback-SNR-robust specialist
K4_Nsc256_Dfb256,4,32,256,256,proposed,specialist_df0_da256,Original pure-AS specialist,best,50000,/home/r50037942/project/03_PRECODER/runs_as_screen/proposal_specialists/checkpoints/hybrid_gnn_specialist_K4_Nsc256_Dfb256_f000_a100_df0_da256_sb4_k4_n256_standard_seed42/best.pth,0,256,0.0,1.0,0.0,25.0,1600,11.281996726989746,0.06455501914024353,11.155468889474868,11.408524564504624,nan,20260921,256.0,0.0,256.0,256.0,0.2211885303258896,0.010577581822872162,0.20045646995306016,0.24192059069871902,original_specialist,Allocation-specific specialist
K4_Nsc256_Dfb256,4,32,256,256,swin,swin,Swin-based FDMA,best,49000,/home/r50037942/project/03_PRECODER/runs_as_screen/baselines/checkpoints/swin_task_K4_Nsc256_Dfb256_Df64_sharedUE_seed42/best.pth,64,0,1.0,0.0,0.0,25.0,1600,24.697532653808594,0.07502176761627197,24.5504899892807,24.84457531833649,0.001,20260921,256.0,1.283438678001403e-07,255.99999974844602,256.00000025155396,0.22256618738174438,0.0013870838098227977,0.2198475031144917,0.22528487164899708,Swin,Swin-CFNet
K4_Nsc256_Dfb256,4,32,256,256,proposed,universal,Proposed universal,best,48000,/home/r50037942/project/03_PRECODER/runs_deployzf_v1/checkpoints/hybrid_gnn_adaptive_K4_Nsc256_Dfb256_grid5_f100_a000-f075_a025-f050_a050-f025_a075-f000_a100_sb4_k4_n256_standard_seed42/best.pth,0,256,0.0,1.0,0.0,25.0,1600,10.691117286682129,0.06179423332214355,10.570000589370727,10.812233983993531,nan,20260921,256.0,0.0,256.0,256.0,1.1745890378952026,0.012935301661491394,1.1492358466386796,1.1999422291517257,universal,Universal Proposed
K4_Nsc256_Dfb256,4,32,256,256,csinet,csinet,CsiNet+-based FDMA,best,49500,/home/r50037942/project/03_PRECODER/runs_as_screen/baselines/checkpoints/csinet_task_K4_Nsc256_Dfb256_Df64_sharedUE_seed42/best.pth,64,0,1.0,0.0,5.0,25.0,1600,19.224639892578125,0.0924142599105835,19.043507943153383,19.405771842002867,0.001,20260921,256.0,1.3218630101619055e-07,255.99999974091486,256.00000025908514,0.9090417623519897,0.014721842110157013,0.880186951816082,0.9378965728878975,CsiNet+,CsiNet+
K4_Nsc256_Dfb256,4,32,256,256,proposed,robust_specialist,FB-SNR-robust specialist,best,20000,/home/r50037942/project/03_PRECODER/runs_as_screen/proposal_snr_robust/checkpoints/hybrid_gnn_specialist_K4_Nsc256_Dfb256_f000_a100_df0_da256_sb4_k4_n256_fb_robust_ft_seed42/best.pth,0,256,0.0,1.0,5.0,25.0,1600,19.48668670654297,0.07068864703178405,19.348136958360673,19.625236454725265,nan,20260921,256.0,0.0,256.0,256.0,-9.5575532913208,0.048282310366630554,-9.652186619639396,-9.462919963002205,robust_specialist,Feedback-SNR-robust specialist
K4_Nsc256_Dfb256,4,32,256,256,proposed,specialist_df0_da256,Original pure-AS specialist,best,50000,/home/r50037942/project/03_PRECODER/runs_as_screen/proposal_specialists/checkpoints/hybrid_gnn_specialist_K4_Nsc256_Dfb256_f000_a100_df0_da256_sb4_k4_n256_standard_seed42/best.pth,0,256,0.0,1.0,5.0,25.0,1600,16.05802345275879,0.07609689831733704,15.908873532056809,16.20717337346077,nan,20260921,256.0,0.0,256.0,256.0,-1.2085555791854858,0.03042166233062744,-1.2681820373535155,-1.1489291210174561,original_specialist,Allocation-specific specialist
K4_Nsc256_Dfb256,4,32,256,256,swin,swin,Swin-based FDMA,best,49000,/home/r50037942/project/03_PRECODER/runs_as_screen/baselines/checkpoints/swin_task_K4_Nsc256_Dfb256_Df64_sharedUE_seed42/best.pth,64,0,1.0,0.0,5.0,25.0,1600,27.156362533569336,0.08168506026268005,26.996259815454483,27.31646525168419,0.001,20260921,256.0,1.2511231943790336e-07,255.99999975477985,256.0000002452201,0.22283992171287537,0.001388491317629814,0.22011847873032092,0.2255613646954298,Swin,Swin-CFNet
K4_Nsc256_Dfb256,4,32,256,256,proposed,universal,Proposed universal,best,48000,/home/r50037942/project/03_PRECODER/runs_deployzf_v1/checkpoints/hybrid_gnn_adaptive_K4_Nsc256_Dfb256_grid5_f100_a000-f075_a025-f050_a050-f025_a075-f000_a100_sb4_k4_n256_standard_seed42/best.pth,0,256,0.0,1.0,5.0,25.0,1600,15.613838195800781,0.07469075918197632,15.467444307804108,15.760232083797455,nan,20260921,256.0,0.0,256.0,256.0,-1.5642030239105225,0.04337387382984161,-1.649215816617012,-1.4791902312040328,universal,Universal Proposed
K4_Nsc256_Dfb256,4,32,256,256,csinet,csinet,CsiNet+-based FDMA,best,49500,/home/r50037942/project/03_PRECODER/runs_as_screen/baselines/checkpoints/csinet_task_K4_Nsc256_Dfb256_Df64_sharedUE_seed42/best.pth,64,0,1.0,0.0,10.0,25.0,1600,20.533235549926758,0.10171151161193848,20.33388098716736,20.732590112686157,0.001,20260921,256.0,1.2905099993076875e-07,255.99999974706003,256.00000025293997,0.9053848385810852,0.01466376632452011,0.8766438565850257,0.9341258205771447,CsiNet+,CsiNet+
K4_Nsc256_Dfb256,4,32,256,256,proposed,robust_specialist,FB-SNR-robust specialist,best,20000,/home/r50037942/project/03_PRECODER/runs_as_screen/proposal_snr_robust/checkpoints/hybrid_gnn_specialist_K4_Nsc256_Dfb256_f000_a100_df0_da256_sb4_k4_n256_fb_robust_ft_seed42/best.pth,0,256,0.0,1.0,10.0,25.0,1600,23.79302215576172,0.07412857413291932,23.647730150461197,23.93831416106224,nan,20260921,256.0,0.0,256.0,256.0,-11.149944305419922,0.05636895895004272,-11.260427464962005,-11.039461145877839,robust_specialist,Feedback-SNR-robust specialist
K4_Nsc256_Dfb256,4,32,256,256,proposed,specialist_df0_da256,Original pure-AS specialist,best,50000,/home/r50037942/project/03_PRECODER/runs_as_screen/proposal_specialists/checkpoints/hybrid_gnn_specialist_K4_Nsc256_Dfb256_f000_a100_df0_da256_sb4_k4_n256_standard_seed42/best.pth,0,256,0.0,1.0,10.0,25.0,1600,21.745811462402344,0.0813819944858551,21.586302753210067,21.90532017159462,nan,20260921,256.0,0.0,256.0,256.0,-5.818035125732422,0.054924243688583375,-5.925686643362045,-5.7103836081027985,original_specialist,Allocation-specific specialist
K4_Nsc256_Dfb256,4,32,256,256,swin,swin,Swin-based FDMA,best,49000,/home/r50037942/project/03_PRECODER/runs_as_screen/baselines/checkpoints/swin_task_K4_Nsc256_Dfb256_Df64_sharedUE_seed42/best.pth,64,0,1.0,0.0,10.0,25.0,1600,28.247875213623047,0.08623179793357849,28.078860889673233,28.41688953757286,0.001,20260921,256.0,1.1722610224751406e-07,255.99999977023683,256.00000022976315,0.22293193638324738,0.001390531286597252,0.22020649506151677,0.22565737770497798,Swin,Swin-CFNet
K4_Nsc256_Dfb256,4,32,256,256,proposed,universal,Proposed universal,best,48000,/home/r50037942/project/03_PRECODER/runs_deployzf_v1/checkpoints/hybrid_gnn_adaptive_K4_Nsc256_Dfb256_grid5_f100_a000-f075_a025-f050_a050-f025_a075-f000_a100_sb4_k4_n256_standard_seed42/best.pth,0,256,0.0,1.0,10.0,25.0,1600,21.04143524169922,0.07654519081115722,20.89140666770935,21.191463815689087,nan,20260921,256.0,0.0,256.0,256.0,-5.707742691040039,0.037711089849472045,-5.781656427145005,-5.6338289549350735,universal,Universal Proposed
K4_Nsc256_Dfb256,4,32,256,256,csinet,csinet,CsiNet+-based FDMA,best,49500,/home/r50037942/project/03_PRECODER/runs_as_screen/baselines/checkpoints/csinet_task_K4_Nsc256_Dfb256_Df64_sharedUE_seed42/best.pth,64,0,1.0,0.0,15.0,25.0,1600,21.06951332092285,0.10586904287338257,20.86200999689102,21.27701664495468,0.001,20260921,256.0,1.430958718628972e-07,255.9999997195321,256.00000028046793,0.9032890796661377,0.014636805653572083,0.8746009405851364,0.931977218747139,CsiNet+,CsiNet+
K4_Nsc256_Dfb256,4,32,256,256,proposed,robust_specialist,FB-SNR-robust specialist,best,20000,/home/r50037942/project/03_PRECODER/runs_as_screen/proposal_snr_robust/checkpoints/hybrid_gnn_specialist_K4_Nsc256_Dfb256_f000_a100_df0_da256_sb4_k4_n256_fb_robust_ft_seed42/best.pth,0,256,0.0,1.0,15.0,25.0,1600,26.847875595092773,0.07597231864929199,26.698969850540163,26.996781339645384,nan,20260921,256.0,0.0,256.0,256.0,-12.01551628112793,0.0610728919506073,-12.13521914935112,-11.89581341290474,robust_specialist,Feedback-SNR-robust specialist
K4_Nsc256_Dfb256,4,32,256,256,proposed,specialist_df0_da256,Original pure-AS specialist,best,50000,/home/r50037942/project/03_PRECODER/runs_as_screen/proposal_specialists/checkpoints/hybrid_gnn_specialist_K4_Nsc256_Dfb256_f000_a100_df0_da256_sb4_k4_n256_standard_seed42/best.pth,0,256,0.0,1.0,15.0,25.0,1600,26.117332458496094,0.07784550189971924,25.964755274772646,26.26990964221954,nan,20260921,256.0,0.0,256.0,256.0,-10.44066047668457,0.04297001659870148,-10.524881709218025,-10.356439244151115,original_specialist,Allocation-specific specialist
K4_Nsc256_Dfb256,4,32,256,256,swin,swin,Swin-based FDMA,best,49000,/home/r50037942/project/03_PRECODER/runs_as_screen/baselines/checkpoints/swin_task_K4_Nsc256_Dfb256_Df64_sharedUE_seed42/best.pth,64,0,1.0,0.0,15.0,25.0,1600,28.643526077270508,0.08816516995429993,28.47072234416008,28.816329810380935,0.001,20260921,256.0,1.1991247674814077e-07,255.99999976497153,256.00000023502844,0.22296056151390076,0.001389925554394722,0.22023630742728711,0.2256848156005144,Swin,Swin-CFNet
K4_Nsc256_Dfb256,4,32,256,256,proposed,universal,Proposed universal,best,48000,/home/r50037942/project/03_PRECODER/runs_deployzf_v1/checkpoints/hybrid_gnn_adaptive_K4_Nsc256_Dfb256_grid5_f100_a000-f075_a025-f050_a050-f025_a075-f000_a100_sb4_k4_n256_standard_seed42/best.pth,0,256,0.0,1.0,15.0,25.0,1600,24.830947875976562,0.07491486072540283,24.684114748954773,24.977781002998352,nan,20260921,256.0,0.0,256.0,256.0,-6.961698055267334,0.026052528619766237,-7.012761011362076,-6.910635099172592,universal,Universal Proposed
K4_Nsc256_Dfb256,4,32,256,256,csinet,csinet,CsiNet+-based FDMA,best,49500,/home/r50037942/project/03_PRECODER/runs_as_screen/baselines/checkpoints/csinet_task_K4_Nsc256_Dfb256_Df64_sharedUE_seed42/best.pth,64,0,1.0,0.0,20.0,25.0,1600,21.249479293823242,0.10748969316482544,21.038799495220186,21.4601590924263,0.001,20260921,256.0,1.1953241028095362e-07,255.99999976571647,256.0000002342835,0.9032434225082397,0.01461835354566574,0.8745914495587349,0.9318953954577446,CsiNet+,CsiNet+
K4_Nsc256_Dfb256,4,32,256,256,proposed,robust_specialist,FB-SNR-robust specialist,best,20000,/home/r50037942/project/03_PRECODER/runs_as_screen/proposal_snr_robust/checkpoints/hybrid_gnn_specialist_K4_Nsc256_Dfb256_f000_a100_df0_da256_sb4_k4_n256_fb_robust_ft_seed42/best.pth,0,256,0.0,1.0,20.0,25.0,1600,28.661733627319336,0.07955169081687927,28.505812313318252,28.81765494132042,nan,20260921,256.0,9.539724743490296e-09,255.99999998130215,256.00000001869785,-12.441474914550781,0.06410797834396362,-12.56712655210495,-12.315823276996612,robust_specialist,Feedback-SNR-robust specialist
K4_Nsc256_Dfb256,4,32,256,256,proposed,specialist_df0_da256,Original pure-AS specialist,best,50000,/home/r50037942/project/03_PRECODER/runs_as_screen/proposal_specialists/checkpoints/hybrid_gnn_specialist_K4_Nsc256_Dfb256_f000_a100_df0_da256_sb4_k4_n256_standard_seed42/best.pth,0,256,0.0,1.0,20.0,25.0,1600,28.322031021118164,0.08036753535270691,28.16451065182686,28.47955139040947,nan,20260921,256.0,0.0,256.0,256.0,-12.192421913146973,0.057939714193344115,-12.305983752965927,-12.078860073328018,original_specialist,Allocation-specific specialist
K4_Nsc256_Dfb256,4,32,256,256,swin,swin,Swin-based FDMA,best,49000,/home/r50037942/project/03_PRECODER/runs_as_screen/baselines/checkpoints/swin_task_K4_Nsc256_Dfb256_Df64_sharedUE_seed42/best.pth,64,0,1.0,0.0,20.0,25.0,1600,28.767539978027344,0.08900749087333679,28.593085295915603,28.941994660139084,0.001,20260921,256.0,1.1526893786140136e-07,255.99999977407288,256.0000002259271,0.22296170890331268,0.0013906514272093774,0.2202360321059823,0.22568738570064306,Swin,Swin-CFNet
K4_Nsc256_Dfb256,4,32,256,256,proposed,universal,Proposed universal,best,48000,/home/r50037942/project/03_PRECODER/runs_deployzf_v1/checkpoints/hybrid_gnn_adaptive_K4_Nsc256_Dfb256_grid5_f100_a000-f075_a025-f050_a050-f025_a075-f000_a100_sb4_k4_n256_standard_seed42/best.pth,0,256,0.0,1.0,20.0,25.0,1600,26.668380737304688,0.07551319003105164,26.520374884843825,26.81638658976555,nan,20260921,256.0,0.0,256.0,256.0,-6.941066265106201,0.026509389281272888,-6.993024668097496,-6.889107862114907,universal,Universal Proposed
K4_Nsc256_Dfb256,4,32,256,256,csinet,csinet,CsiNet+-based FDMA,best,49500,/home/r50037942/project/03_PRECODER/runs_as_screen/baselines/checkpoints/csinet_task_K4_Nsc256_Dfb256_Df64_sharedUE_seed42/best.pth,64,0,1.0,0.0,25.0,25.0,1600,21.317197799682617,0.10826389789581299,21.105000559806825,21.52939503955841,0.001,20260921,256.0,1.3149602864359622e-07,255.9999997422678,256.0000002577322,0.9031863212585449,0.014617043733596801,0.8745369155406952,0.9318357269763946,CsiNet+,CsiNet+
K4_Nsc256_Dfb256,4,32,256,256,proposed,robust_specialist,FB-SNR-robust specialist,best,20000,/home/r50037942/project/03_PRECODER/runs_as_screen/proposal_snr_robust/checkpoints/hybrid_gnn_specialist_K4_Nsc256_Dfb256_f000_a100_df0_da256_sb4_k4_n256_fb_robust_ft_seed42/best.pth,0,256,0.0,1.0,25.0,25.0,1600,29.514089584350586,0.08214812874794006,29.353079252004623,29.67509991669655,nan,20260921,256.0,0.0,256.0,256.0,-12.647889137268066,0.06648308634757996,-12.778195986509322,-12.51758228802681,robust_specialist,Feedback-SNR-robust specialist
K4_Nsc256_Dfb256,4,32,256,256,proposed,specialist_df0_da256,Original pure-AS specialist,best,50000,/home/r50037942/project/03_PRECODER/runs_as_screen/proposal_specialists/checkpoints/hybrid_gnn_specialist_K4_Nsc256_Dfb256_f000_a100_df0_da256_sb4_k4_n256_standard_seed42/best.pth,0,256,0.0,1.0,25.0,25.0,1600,29.256986618041992,0.08188319206237793,29.09649556159973,29.417477674484253,nan,20260921,256.0,0.0,256.0,256.0,-13.137589454650879,0.06408746242523193,-13.263200881004334,-13.011978028297424,original_specialist,Allocation-specific specialist
K4_Nsc256_Dfb256,4,32,256,256,swin,swin,Swin-based FDMA,best,49000,/home/r50037942/project/03_PRECODER/runs_as_screen/baselines/checkpoints/swin_task_K4_Nsc256_Dfb256_Df64_sharedUE_seed42/best.pth,64,0,1.0,0.0,25.0,25.0,1600,28.815204620361328,0.08915006518363952,28.640470492601395,28.98993874812126,0.001,20260921,256.0,1.1838486670967541e-07,255.99999976796565,256.0000002320343,0.22295984625816345,0.0013907610438764096,0.2202339546121657,0.22568573790416122,Swin,Swin-CFNet
K4_Nsc256_Dfb256,4,32,256,256,proposed,universal,Proposed universal,best,48000,/home/r50037942/project/03_PRECODER/runs_deployzf_v1/checkpoints/hybrid_gnn_adaptive_K4_Nsc256_Dfb256_grid5_f100_a000-f075_a025-f050_a050-f025_a075-f000_a100_sb4_k4_n256_standard_seed42/best.pth,0,256,0.0,1.0,25.0,25.0,1600,27.370155334472656,0.07599035501480103,27.221214238643647,27.519096430301666,nan,20260921,256.0,0.0,256.0,256.0,-6.733905792236328,0.025610682368278504,-6.784102729678154,-6.683708854794502,universal,Universal Proposed
