comparison,method_key,reference_method_key,scenario_id,feedback_snr_db,downlink_snr_db,num_samples,seed,delta_mean,delta_se,delta_ci95_low,delta_ci95_high,dataset_role,preflight
lite1024-original,lite1024,original,K4_Nsc256_Dfb256,0,25,1600,20261002,0.003801199495792389,0.026221282248102874,-0.04759251371048924,0.05519491270207402,independent_held_out_test,False
lite1024-swin,lite1024,swin,K4_Nsc256_Dfb256,0,25,1600,20261002,-13.276545968353748,0.06969327550029017,-13.413144788334316,-13.13994714837318,independent_held_out_test,False
lite1024-original,lite1024,original,K4_Nsc256_Dfb256,5,25,1600,20261002,0.015027382671833038,0.0304045124574708,-0.04456546174480973,0.07462022708847581,independent_held_out_test,False
lite1024-swin,lite1024,swin,K4_Nsc256_Dfb256,5,25,1600,20261002,-10.957871451079846,0.07201288692359567,-11.099016709450094,-10.816726192709599,independent_held_out_test,False
lite1024-original,lite1024,original,K4_Nsc256_Dfb256,10,25,1600,20261002,0.047031298875808716,0.030075412562958138,-0.011916509747589232,0.10597910749920667,independent_held_out_test,False
lite1024-swin,lite1024,swin,K4_Nsc256_Dfb256,10,25,1600,20261002,-6.445527274012566,0.05878442883951453,-6.560744754538014,-6.3303097934871175,independent_held_out_test,False
lite1024-original,lite1024,original,K4_Nsc256_Dfb256,15,25,1600,20261002,-0.09502539575099946,0.023844777673814516,-0.1417611599916759,-0.048289631510323006,independent_held_out_test,False
lite1024-swin,lite1024,swin,K4_Nsc256_Dfb256,15,25,1600,20261002,-2.608592777848244,0.04298962223648511,-2.6928524374317546,-2.524333118264733,independent_held_out_test,False
lite1024-original,lite1024,original,K4_Nsc256_Dfb256,20,25,1600,20261002,-0.15126001834869385,0.017762856934585992,-0.1860752179404824,-0.1164448187569053,independent_held_out_test,False
lite1024-swin,lite1024,swin,K4_Nsc256_Dfb256,20,25,1600,20261002,-0.5899906861782074,0.03698690239105029,-0.6624850148646659,-0.5174963574917488,independent_held_out_test,False
lite1024-original,lite1024,original,K4_Nsc256_Dfb256,25,25,1600,20261002,-0.16252341091632844,0.015283324931661207,-0.1924787277823844,-0.13256809405027248,independent_held_out_test,False
lite1024-swin,lite1024,swin,K4_Nsc256_Dfb256,25,25,1600,20261002,0.27570164620876314,0.03276004069341372,0.21149196644967225,0.339911325967854,independent_held_out_test,False
