scenario_id,k_users,antennas,subcarriers,feedback_budget,model_key,method_key,method_label,checkpoint_kind,checkpoint_step,checkpoint_path,allocation_df,allocation_da,fdma_fraction,aircomp_fraction,feedback_snr_db,downlink_snr_db,num_samples,sum_rate_mean,sum_rate_se,sum_rate_ci95_low,sum_rate_ci95_high,rzf_lambda,seed,precoder_power_mean,precoder_power_se,precoder_power_ci95_low,precoder_power_ci95_high,nmse_db_mean,nmse_db_se,nmse_db_ci95_low,nmse_db_ci95_high,dataset_role,preflight
K4_Nsc256_Dfb256,4,32,256,256,csinet,csinet,CsiNet+-based FDMA,best,49500,/home/r50037942/project/03_PRECODER/runs_as_screen/baselines/checkpoints/csinet_task_K4_Nsc256_Dfb256_Df64_sharedUE_seed42/best.pth,64,0,1.0,0.0,0.0,25.0,1600,16.616458892822266,0.07659783959388733,16.466327127218246,16.766590658426285,0.001,20261002,256.0,1.2438279100024375e-07,255.99999975620972,256.0000002437903,0.8817886114120483,0.01461285650730133,0.8531474126577377,0.9104298101663589,independent_held_out_test,False
K4_Nsc256_Dfb256,4,32,256,256,proposed,lite1024,Lite1024 pure-AS specialist,best,49500,/home/r50037942/project/03_PRECODER/runs_as_screen/proposal_lite/checkpoints/hybrid_gnn_specialist_K4_Nsc256_Dfb256_f000_a100_df0_da256_sb4_k4_n256_standard_ueffn1024_seed42/best.pth,0,256,0.0,1.0,0.0,25.0,1600,11.306296348571777,0.0651734471321106,11.17855639219284,11.434036304950714,0.001,20261002,256.0,0.0,256.0,256.0,0.5161212682723999,0.010920173674821853,0.49471772786974905,0.5375248086750507,independent_held_out_test,False
K4_Nsc256_Dfb256,4,32,256,256,proposed,original,Original pure-AS specialist (UE FFN2048),best,50000,/home/r50037942/project/03_PRECODER/runs_as_screen/proposal_specialists/checkpoints/hybrid_gnn_specialist_K4_Nsc256_Dfb256_f000_a100_df0_da256_sb4_k4_n256_standard_seed42/best.pth,0,256,0.0,1.0,0.0,25.0,1600,11.302495002746582,0.06569212079048156,11.173738445997238,11.431251559495927,0.001,20261002,256.0,0.0,256.0,256.0,0.22517402470111847,0.010457075387239455,0.20467815694212915,0.24566989246010779,independent_held_out_test,False
K4_Nsc256_Dfb256,4,32,256,256,swin,swin,Swin-based FDMA,best,49000,/home/r50037942/project/03_PRECODER/runs_as_screen/baselines/checkpoints/swin_task_K4_Nsc256_Dfb256_Df64_sharedUE_seed42/best.pth,64,0,1.0,0.0,0.0,25.0,1600,24.582841873168945,0.07585593461990356,24.434164241313933,24.731519505023957,0.001,20261002,256.0,1.1838486670967541e-07,255.99999976796565,256.0000002320343,0.22066864371299744,0.001394218858331442,0.2179359747506678,0.22340131267532706,independent_held_out_test,False
K4_Nsc256_Dfb256,4,32,256,256,csinet,csinet,CsiNet+-based FDMA,best,49500,/home/r50037942/project/03_PRECODER/runs_as_screen/baselines/checkpoints/csinet_task_K4_Nsc256_Dfb256_Df64_sharedUE_seed42/best.pth,64,0,1.0,0.0,5.0,25.0,1600,19.251745223999023,0.09229111075401306,19.07085464692116,19.432635801076888,0.001,20261002,256.0,1.2328041520959232e-07,255.9999997583704,256.0000002416296,0.8722468018531799,0.014429871737957001,0.8439642532467843,0.9005293504595756,independent_held_out_test,False
K4_Nsc256_Dfb256,4,32,256,256,proposed,lite1024,Lite1024 pure-AS specialist,best,49500,/home/r50037942/project/03_PRECODER/runs_as_screen/proposal_lite/checkpoints/hybrid_gnn_specialist_K4_Nsc256_Dfb256_f000_a100_df0_da256_sb4_k4_n256_standard_ueffn1024_seed42/best.pth,0,256,0.0,1.0,5.0,25.0,1600,16.113147735595703,0.07623276114463806,15.963731523752212,16.262563947439194,0.001,20261002,256.0,0.0,256.0,256.0,-1.4270647764205933,0.03146480917930603,-1.4887358024120332,-1.3653937504291533,independent_held_out_test,False
K4_Nsc256_Dfb256,4,32,256,256,proposed,original,Original pure-AS specialist (UE FFN2048),best,50000,/home/r50037942/project/03_PRECODER/runs_as_screen/proposal_specialists/checkpoints/hybrid_gnn_specialist_K4_Nsc256_Dfb256_f000_a100_df0_da256_sb4_k4_n256_standard_seed42/best.pth,0,256,0.0,1.0,5.0,25.0,1600,16.098119735717773,0.07711377143859863,15.94697674369812,16.249262727737428,0.001,20261002,256.0,9.539724743490296e-09,255.99999998130215,256.00000001869785,-1.243491768836975,0.030471643805503844,-1.3032161906957627,-1.1837673469781875,independent_held_out_test,False
K4_Nsc256_Dfb256,4,32,256,256,swin,swin,Swin-based FDMA,best,49000,/home/r50037942/project/03_PRECODER/runs_as_screen/baselines/checkpoints/swin_task_K4_Nsc256_Dfb256_Df64_sharedUE_seed42/best.pth,64,0,1.0,0.0,5.0,25.0,1600,27.07101821899414,0.08342712521553039,26.9075010535717,27.23453538441658,0.001,20261002,256.0,1.1876861663040473e-07,255.99999976721352,256.0000002327865,0.22074824571609497,0.0013981779105961324,0.21800781701132654,0.2234886744208634,independent_held_out_test,False
K4_Nsc256_Dfb256,4,32,256,256,csinet,csinet,CsiNet+-based FDMA,best,49500,/home/r50037942/project/03_PRECODER/runs_as_screen/baselines/checkpoints/csinet_task_K4_Nsc256_Dfb256_Df64_sharedUE_seed42/best.pth,64,0,1.0,0.0,10.0,25.0,1600,20.553564071655273,0.1022453784942627,20.353163129806518,20.75396501350403,0.001,20261002,256.0,1.229107510880567e-07,255.99999975909492,256.0000002409051,0.8696773052215576,0.014332787692546844,0.8415850413441658,0.8977695690989494,independent_held_out_test,False
K4_Nsc256_Dfb256,4,32,256,256,proposed,lite1024,Lite1024 pure-AS specialist,best,49500,/home/r50037942/project/03_PRECODER/runs_as_screen/proposal_lite/checkpoints/hybrid_gnn_specialist_K4_Nsc256_Dfb256_f000_a100_df0_da256_sb4_k4_n256_standard_ueffn1024_seed42/best.pth,0,256,0.0,1.0,10.0,25.0,1600,21.704151153564453,0.08194334506988525,21.543542197227477,21.86476010990143,0.001,20261002,256.0,0.0,256.0,256.0,-5.724055767059326,0.044863322377204896,-5.811987878918647,-5.636123655200005,independent_held_out_test,False
K4_Nsc256_Dfb256,4,32,256,256,proposed,original,Original pure-AS specialist (UE FFN2048),best,50000,/home/r50037942/project/03_PRECODER/runs_as_screen/proposal_specialists/checkpoints/hybrid_gnn_specialist_K4_Nsc256_Dfb256_f000_a100_df0_da256_sb4_k4_n256_standard_seed42/best.pth,0,256,0.0,1.0,10.0,25.0,1600,21.657119750976562,0.08220890164375305,21.495990303754805,21.81824919819832,0.001,20261002,256.0,0.0,256.0,256.0,-5.827087879180908,0.05466510653495789,-5.934231487989425,-5.719944270372391,independent_held_out_test,False
K4_Nsc256_Dfb256,4,32,256,256,swin,swin,Swin-based FDMA,best,49000,/home/r50037942/project/03_PRECODER/runs_as_screen/baselines/checkpoints/swin_task_K4_Nsc256_Dfb256_Df64_sharedUE_seed42/best.pth,64,0,1.0,0.0,10.0,25.0,1600,28.149675369262695,0.08754135966300965,27.978094304323196,28.321256434202194,0.001,20261002,256.0,1.1761362657125574e-07,255.99999976947728,256.0000002305227,0.22080905735492706,0.0014000927098095418,0.21806487564370036,0.22355323906615376,independent_held_out_test,False
K4_Nsc256_Dfb256,4,32,256,256,csinet,csinet,CsiNet+-based FDMA,best,49500,/home/r50037942/project/03_PRECODER/runs_as_screen/baselines/checkpoints/csinet_task_K4_Nsc256_Dfb256_Df64_sharedUE_seed42/best.pth,64,0,1.0,0.0,15.0,25.0,1600,21.074724197387695,0.10611393451690673,20.866740885734558,21.282707509040833,0.001,20261002,256.0,1.297542894462822e-07,255.9999997456816,256.0000002543184,0.8685722947120667,0.014319764077663421,0.8405055571198463,0.896639032304287,independent_held_out_test,False
K4_Nsc256_Dfb256,4,32,256,256,proposed,lite1024,Lite1024 pure-AS specialist,best,49500,/home/r50037942/project/03_PRECODER/runs_as_screen/proposal_lite/checkpoints/hybrid_gnn_specialist_K4_Nsc256_Dfb256_f000_a100_df0_da256_sb4_k4_n256_standard_ueffn1024_seed42/best.pth,0,256,0.0,1.0,15.0,25.0,1600,25.947959899902344,0.07861883640289306,25.793866980552675,26.102052819252012,0.001,20261002,256.0,0.0,256.0,256.0,-8.937241554260254,0.036533719301223753,-9.008847644090652,-8.865635464429856,independent_held_out_test,False
K4_Nsc256_Dfb256,4,32,256,256,proposed,original,Original pure-AS specialist (UE FFN2048),best,50000,/home/r50037942/project/03_PRECODER/runs_as_screen/proposal_specialists/checkpoints/hybrid_gnn_specialist_K4_Nsc256_Dfb256_f000_a100_df0_da256_sb4_k4_n256_standard_seed42/best.pth,0,256,0.0,1.0,15.0,25.0,1600,26.042984008789062,0.07878864407539368,25.88855826640129,26.197409751176835,0.001,20261002,256.0,0.0,256.0,256.0,-10.425738334655762,0.042210054397583005,-10.508470041275025,-10.343006628036498,independent_held_out_test,False
K4_Nsc256_Dfb256,4,32,256,256,swin,swin,Swin-based FDMA,best,49000,/home/r50037942/project/03_PRECODER/runs_as_screen/baselines/checkpoints/swin_task_K4_Nsc256_Dfb256_Df64_sharedUE_seed42/best.pth,64,0,1.0,0.0,15.0,25.0,1600,28.55655288696289,0.0896410584449768,28.380856412410736,28.732249361515045,0.001,20261002,256.0,1.2066903991581058e-07,255.9999997634887,256.0000002365113,0.22083529829978943,0.0014006433077156544,0.21809003741666674,0.22358055918291211,independent_held_out_test,False
K4_Nsc256_Dfb256,4,32,256,256,csinet,csinet,CsiNet+-based FDMA,best,49500,/home/r50037942/project/03_PRECODER/runs_as_screen/baselines/checkpoints/csinet_task_K4_Nsc256_Dfb256_Df64_sharedUE_seed42/best.pth,64,0,1.0,0.0,20.0,25.0,1600,21.25061798095703,0.10752525329589843,21.03986848449707,21.461367477416992,0.001,20261002,256.0,1.3287299225339665e-07,255.99999973956895,256.0000002604311,0.8683866858482361,0.014315199851989747,0.8403288941383362,0.8964444775581359,independent_held_out_test,False
K4_Nsc256_Dfb256,4,32,256,256,proposed,lite1024,Lite1024 pure-AS specialist,best,49500,/home/r50037942/project/03_PRECODER/runs_as_screen/proposal_lite/checkpoints/hybrid_gnn_specialist_K4_Nsc256_Dfb256_f000_a100_df0_da256_sb4_k4_n256_standard_ueffn1024_seed42/best.pth,0,256,0.0,1.0,20.0,25.0,1600,28.102678298950195,0.08116316795349121,27.943598489761353,28.261758108139038,0.001,20261002,256.0,0.0,256.0,256.0,-10.182964324951172,0.04782434105873108,-10.276700033426284,-10.08922861647606,independent_held_out_test,False
K4_Nsc256_Dfb256,4,32,256,256,proposed,original,Original pure-AS specialist (UE FFN2048),best,50000,/home/r50037942/project/03_PRECODER/runs_as_screen/proposal_specialists/checkpoints/hybrid_gnn_specialist_K4_Nsc256_Dfb256_f000_a100_df0_da256_sb4_k4_n256_standard_seed42/best.pth,0,256,0.0,1.0,20.0,25.0,1600,28.25394058227539,0.08165214061737061,28.093902386665345,28.413978777885436,0.001,20261002,256.0,0.0,256.0,256.0,-12.21794319152832,0.05676563382148743,-12.329203833818436,-12.106682549238204,independent_held_out_test,False
K4_Nsc256_Dfb256,4,32,256,256,swin,swin,Swin-based FDMA,best,49000,/home/r50037942/project/03_PRECODER/runs_as_screen/baselines/checkpoints/swin_task_K4_Nsc256_Dfb256_Df64_sharedUE_seed42/best.pth,64,0,1.0,0.0,20.0,25.0,1600,28.692670822143555,0.09035115242004395,28.51558256340027,28.86975908088684,0.001,20261002,256.0,1.2364896520011826e-07,255.99999975764803,256.000000242352,0.2208743691444397,0.0014003539457917214,0.21812967541068792,0.22361906287819147,independent_held_out_test,False
K4_Nsc256_Dfb256,4,32,256,256,csinet,csinet,CsiNet+-based FDMA,best,49500,/home/r50037942/project/03_PRECODER/runs_as_screen/baselines/checkpoints/csinet_task_K4_Nsc256_Dfb256_Df64_sharedUE_seed42/best.pth,64,0,1.0,0.0,25.0,25.0,1600,21.316186904907227,0.1080033540725708,21.10450033092499,21.527873478889465,0.001,20261002,256.0,1.2401642379700206e-07,255.99999975692782,256.0000002430722,0.8682228326797485,0.01430773138999939,0.8401796791553497,0.8962659862041473,independent_held_out_test,False
K4_Nsc256_Dfb256,4,32,256,256,proposed,lite1024,Lite1024 pure-AS specialist,best,49500,/home/r50037942/project/03_PRECODER/runs_as_screen/proposal_lite/checkpoints/hybrid_gnn_specialist_K4_Nsc256_Dfb256_f000_a100_df0_da256_sb4_k4_n256_standard_ueffn1024_seed42/best.pth,0,256,0.0,1.0,25.0,25.0,1600,29.009784698486328,0.08245711326599121,28.848168756484984,29.171400640487672,0.001,20261002,256.0,0.0,256.0,256.0,-10.921619415283203,0.054828643798828125,-11.029083557128907,-10.8141552734375,independent_held_out_test,False
K4_Nsc256_Dfb256,4,32,256,256,proposed,original,Original pure-AS specialist (UE FFN2048),best,50000,/home/r50037942/project/03_PRECODER/runs_as_screen/proposal_specialists/checkpoints/hybrid_gnn_specialist_K4_Nsc256_Dfb256_f000_a100_df0_da256_sb4_k4_n256_standard_seed42/best.pth,0,256,0.0,1.0,25.0,25.0,1600,29.172311782836914,0.08324495553970337,29.009151669979097,29.33547189569473,0.001,20261002,256.0,0.0,256.0,256.0,-13.1910400390625,0.06315869092941284,-13.314831073284148,-13.067249004840852,independent_held_out_test,False
K4_Nsc256_Dfb256,4,32,256,256,swin,swin,Swin-based FDMA,best,49000,/home/r50037942/project/03_PRECODER/runs_as_screen/baselines/checkpoints/swin_task_K4_Nsc256_Dfb256_Df64_sharedUE_seed42/best.pth,64,0,1.0,0.0,25.0,25.0,1600,28.734086990356445,0.09060360789299012,28.556503918886186,28.911670061826705,0.001,20261002,256.0,1.2253998420419522e-07,255.99999975982163,256.0000002401784,0.22087663412094116,0.0014007051475346088,0.21813125203177333,0.223622016210109,independent_held_out_test,False
