scenario_id,k_users,antennas,subcarriers,feedback_budget,model_key,method_key,method_label,checkpoint_kind,checkpoint_step,checkpoint_path,allocation_df,allocation_da,fdma_fraction,aircomp_fraction,feedback_snr_db,downlink_snr_db,num_samples,sum_rate_mean,sum_rate_se,sum_rate_ci95_low,sum_rate_ci95_high,rzf_lambda,seed,precoder_power_mean,precoder_power_se,precoder_power_ci95_low,precoder_power_ci95_high,nmse_db_mean,nmse_db_se,nmse_db_ci95_low,nmse_db_ci95_high,selected_allocation_df,selected_allocation_da
K4_Nsc256_Dfb256,4,32,256,256,proposed,proposed,Proposed,best,48000,/home/r50037942/project/03_PRECODER/runs_deployzf_v1/checkpoints/hybrid_gnn_adaptive_K4_Nsc256_Dfb256_grid5_f100_a000-f075_a025-f050_a050-f025_a075-f000_a100_sb4_k4_n256_standard_seed42/best.pth,0,256,0.0,1.0,25.0,25.0,400,27.334922790527344,0.1602074146270752,27.020916257858275,27.648929323196413,nan,20260729,256.0,0.0,256.0,256.0,-6.717907905578613,0.05167031288146973,-6.819181718826294,-6.616634092330933,,
K4_Nsc256_Dfb256,4,32,256,256,proposed,proposed,Proposed,best,48000,/home/r50037942/project/03_PRECODER/runs_deployzf_v1/checkpoints/hybrid_gnn_adaptive_K4_Nsc256_Dfb256_grid5_f100_a000-f075_a025-f050_a050-f025_a075-f000_a100_sb4_k4_n256_standard_seed42/best.pth,16,192,0.25,0.75,25.0,25.0,400,27.16710662841797,0.1590936779975891,26.855283019542693,27.478930237293245,nan,20260729,256.0,0.0,256.0,256.0,-7.1806511878967285,0.05858862996101379,-7.2954849026203155,-7.065817473173142,,
K4_Nsc256_Dfb256,4,32,256,256,proposed,proposed,Proposed,best,48000,/home/r50037942/project/03_PRECODER/runs_deployzf_v1/checkpoints/hybrid_gnn_adaptive_K4_Nsc256_Dfb256_grid5_f100_a000-f075_a025-f050_a050-f025_a075-f000_a100_sb4_k4_n256_standard_seed42/best.pth,32,128,0.5,0.5,25.0,25.0,400,26.157258987426758,0.15390270948410034,25.855609676837922,26.458908298015594,nan,20260729,256.0,0.0,256.0,256.0,-6.882507801055908,0.056938737630844116,-6.994107726812363,-6.770907875299454,,
K4_Nsc256_Dfb256,4,32,256,256,proposed,proposed,Proposed,best,48000,/home/r50037942/project/03_PRECODER/runs_deployzf_v1/checkpoints/hybrid_gnn_adaptive_K4_Nsc256_Dfb256_grid5_f100_a000-f075_a025-f050_a050-f025_a075-f000_a100_sb4_k4_n256_standard_seed42/best.pth,48,64,0.75,0.25,25.0,25.0,400,24.923627853393555,0.15429624319076538,24.621207216739656,25.226048490047454,nan,20260729,256.0,0.0,256.0,256.0,-6.792540073394775,0.05613318681716919,-6.902561119556427,-6.682519027233123,,
K4_Nsc256_Dfb256,4,32,256,256,proposed,proposed,Proposed,best,48000,/home/r50037942/project/03_PRECODER/runs_deployzf_v1/checkpoints/hybrid_gnn_adaptive_K4_Nsc256_Dfb256_grid5_f100_a000-f075_a025-f050_a050-f025_a075-f000_a100_sb4_k4_n256_standard_seed42/best.pth,64,0,1.0,0.0,25.0,25.0,400,20.653635025024414,0.1665720224380493,20.327153861045836,20.98011618900299,nan,20260729,256.0,0.0,256.0,256.0,-6.834355354309082,0.0619349479675293,-6.955747852325439,-6.712962856292725,,
K4_Nsc256_Dfb256,4,32,256,256,proposed_best,proposed_best,Proposed best allocation,best,48000,/home/r50037942/project/03_PRECODER/runs_deployzf_v1/checkpoints/hybrid_gnn_adaptive_K4_Nsc256_Dfb256_grid5_f100_a000-f075_a025-f050_a050-f025_a075-f000_a100_sb4_k4_n256_standard_seed42/best.pth,0,256,0.0,1.0,25.0,25.0,400,27.334922790527344,0.1602074146270752,27.020916257858275,27.648929323196413,nan,20260729,256.0,0.0,256.0,256.0,-6.717907905578613,0.05167031288146973,-6.819181718826294,-6.616634092330933,0,256
K8_Nsc256_Dfb256,8,32,256,256,proposed,proposed,Proposed,best,99000,/home/r50037942/project/03_PRECODER/runs_deployzf_v1/checkpoints/hybrid_gnn_adaptive_K8_Nsc256_Dfb256_grid5_f100_a000-f075_a025-f050_a050-f025_a075-f000_a100_sb4_k8_n256_soft_anchor_seed42/best.pth,0,256,0.0,1.0,25.0,25.0,400,23.325721740722656,0.1162457823753357,23.097880007266998,23.553563474178315,nan,20260729,256.0,0.0,256.0,256.0,-15.425182342529297,0.06409758925437928,-15.550813617467881,-15.299551067590713,,
K8_Nsc256_Dfb256,8,32,256,256,proposed,proposed,Proposed,best,99000,/home/r50037942/project/03_PRECODER/runs_deployzf_v1/checkpoints/hybrid_gnn_adaptive_K8_Nsc256_Dfb256_grid5_f100_a000-f075_a025-f050_a050-f025_a075-f000_a100_sb4_k8_n256_soft_anchor_seed42/best.pth,8,192,0.25,0.75,25.0,25.0,400,25.429237365722656,0.14439337253570556,25.146226355552674,25.71224837589264,nan,20260729,256.0,0.0,256.0,256.0,-8.253870010375977,0.154670250415802,-8.557023701190948,-7.950716319561004,,
K8_Nsc256_Dfb256,8,32,256,256,proposed,proposed,Proposed,best,99000,/home/r50037942/project/03_PRECODER/runs_deployzf_v1/checkpoints/hybrid_gnn_adaptive_K8_Nsc256_Dfb256_grid5_f100_a000-f075_a025-f050_a050-f025_a075-f000_a100_sb4_k8_n256_soft_anchor_seed42/best.pth,16,128,0.5,0.5,25.0,25.0,400,25.28466033935547,0.14068394899368286,25.00891979932785,25.56040087938309,nan,20260729,256.0,0.0,256.0,256.0,-7.7624030113220215,0.1256331443786621,-8.0086439743042,-7.516162048339844,,
K8_Nsc256_Dfb256,8,32,256,256,proposed,proposed,Proposed,best,99000,/home/r50037942/project/03_PRECODER/runs_deployzf_v1/checkpoints/hybrid_gnn_adaptive_K8_Nsc256_Dfb256_grid5_f100_a000-f075_a025-f050_a050-f025_a075-f000_a100_sb4_k8_n256_soft_anchor_seed42/best.pth,24,64,0.75,0.25,25.0,25.0,400,25.744951248168945,0.13341312408447265,25.483461524963378,26.006440971374513,nan,20260729,256.0,0.0,256.0,256.0,-7.012689590454102,0.08075939416885376,-7.170978003025055,-6.854401177883148,,
K8_Nsc256_Dfb256,8,32,256,256,proposed,proposed,Proposed,best,99000,/home/r50037942/project/03_PRECODER/runs_deployzf_v1/checkpoints/hybrid_gnn_adaptive_K8_Nsc256_Dfb256_grid5_f100_a000-f075_a025-f050_a050-f025_a075-f000_a100_sb4_k8_n256_soft_anchor_seed42/best.pth,32,0,1.0,0.0,25.0,25.0,400,23.008596420288086,0.12961817979812623,22.75454478788376,23.262648052692413,nan,20260729,256.0,0.0,256.0,256.0,-6.290895938873291,0.05603975653648376,-6.400733861684799,-6.181058016061783,,
K8_Nsc256_Dfb256,8,32,256,256,proposed_best,proposed_best,Proposed best allocation,best,99000,/home/r50037942/project/03_PRECODER/runs_deployzf_v1/checkpoints/hybrid_gnn_adaptive_K8_Nsc256_Dfb256_grid5_f100_a000-f075_a025-f050_a050-f025_a075-f000_a100_sb4_k8_n256_soft_anchor_seed42/best.pth,24,64,0.75,0.25,25.0,25.0,400,25.744951248168945,0.13341312408447265,25.483461524963378,26.006440971374513,nan,20260729,256.0,0.0,256.0,256.0,-7.012689590454102,0.08075939416885376,-7.170978003025055,-6.854401177883148,24,64
K16_Nsc256_Dfb256,16,32,256,256,proposed,proposed,Proposed,best,83000,/home/r50037942/project/03_PRECODER/runs_deployzf_v1/checkpoints/hybrid_gnn_adaptive_K16_Nsc256_Dfb256_grid5_f100_a000-f075_a025-f050_a050-f025_a075-f000_a100_sb4_k16_n256_soft_anchor_seed42/best.pth,0,256,0.0,1.0,25.0,25.0,400,22.916309356689453,0.1829816460609436,22.557665330410003,23.274953382968903,nan,20260729,256.0,0.0,256.0,256.0,-2.151466131210327,0.05190387964248657,-2.253197735309601,-2.0497345271110534,,
K16_Nsc256_Dfb256,16,32,256,256,proposed,proposed,Proposed,best,83000,/home/r50037942/project/03_PRECODER/runs_deployzf_v1/checkpoints/hybrid_gnn_adaptive_K16_Nsc256_Dfb256_grid5_f100_a000-f075_a025-f050_a050-f025_a075-f000_a100_sb4_k16_n256_soft_anchor_seed42/best.pth,4,192,0.25,0.75,25.0,25.0,400,24.33460235595703,0.19643057584762574,23.949598427295683,24.71960628461838,nan,20260729,256.0,0.0,256.0,256.0,-2.301795244216919,0.0693561851978302,-2.437733367204666,-2.165857121229172,,
K16_Nsc256_Dfb256,16,32,256,256,proposed,proposed,Proposed,best,83000,/home/r50037942/project/03_PRECODER/runs_deployzf_v1/checkpoints/hybrid_gnn_adaptive_K16_Nsc256_Dfb256_grid5_f100_a000-f075_a025-f050_a050-f025_a075-f000_a100_sb4_k16_n256_soft_anchor_seed42/best.pth,8,128,0.5,0.5,25.0,25.0,400,23.675512313842773,0.19623870849609376,23.29088444519043,24.060140182495118,nan,20260729,256.0,0.0,256.0,256.0,-2.287675380706787,0.07281647324562072,-2.4303956682682037,-2.1449550931453705,,
K16_Nsc256_Dfb256,16,32,256,256,proposed,proposed,Proposed,best,83000,/home/r50037942/project/03_PRECODER/runs_deployzf_v1/checkpoints/hybrid_gnn_adaptive_K16_Nsc256_Dfb256_grid5_f100_a000-f075_a025-f050_a050-f025_a075-f000_a100_sb4_k16_n256_soft_anchor_seed42/best.pth,12,64,0.75,0.25,25.0,25.0,400,22.082294464111328,0.18571211099624635,21.718298726558686,22.44629020166397,nan,20260729,256.0,0.0,256.0,256.0,-3.5810608863830566,0.08308816552162171,-3.743913690805435,-3.418208081960678,,
K16_Nsc256_Dfb256,16,32,256,256,proposed,proposed,Proposed,best,83000,/home/r50037942/project/03_PRECODER/runs_deployzf_v1/checkpoints/hybrid_gnn_adaptive_K16_Nsc256_Dfb256_grid5_f100_a000-f075_a025-f050_a050-f025_a075-f000_a100_sb4_k16_n256_soft_anchor_seed42/best.pth,16,0,1.0,0.0,25.0,25.0,400,14.078442573547363,0.0886788547039032,13.904632018327714,14.252253128767013,nan,20260729,256.0,0.0,256.0,256.0,-1.1384806632995605,0.007465624809265136,-1.1531132879257202,-1.1238480386734009,,
K16_Nsc256_Dfb256,16,32,256,256,proposed_best,proposed_best,Proposed best allocation,best,83000,/home/r50037942/project/03_PRECODER/runs_deployzf_v1/checkpoints/hybrid_gnn_adaptive_K16_Nsc256_Dfb256_grid5_f100_a000-f075_a025-f050_a050-f025_a075-f000_a100_sb4_k16_n256_soft_anchor_seed42/best.pth,4,192,0.25,0.75,25.0,25.0,400,24.33460235595703,0.19643057584762574,23.949598427295683,24.71960628461838,nan,20260729,256.0,0.0,256.0,256.0,-2.301795244216919,0.0693561851978302,-2.437733367204666,-2.165857121229172,4,192
