scenario_id,k_users,antennas,subcarriers,feedback_budget,model_key,method_key,method_label,checkpoint_kind,checkpoint_step,checkpoint_path,allocation_df,allocation_da,fdma_fraction,aircomp_fraction,feedback_snr_db,downlink_snr_db,num_samples,sum_rate_mean,sum_rate_se,sum_rate_ci95_low,sum_rate_ci95_high,rzf_lambda,seed,precoder_power_mean,precoder_power_se,precoder_power_ci95_low,precoder_power_ci95_high,nmse_db_mean,nmse_db_se,nmse_db_ci95_low,nmse_db_ci95_high,method_type,as_fraction,training_status
K4_Nsc256_Dfb256,4,32,256,256,csinet,csinet,CsiNet+-based FDMA,best,49500,/home/r50037942/project/03_PRECODER/runs_as_screen/baselines/checkpoints/csinet_task_K4_Nsc256_Dfb256_Df64_sharedUE_seed42/best.pth,64,0,1.0,0.0,25.0,25.0,1600,21.517427444458008,0.1087945580482483,21.30419011068344,21.730664778232576,0.001,20260921,256.0,1.3491207937477156e-07,255.99999973557232,256.0000002644277,0.8702830672264099,0.01439007967710495,0.8420785110592842,0.8984876233935356,CsiNet+,0.0,completed
K4_Nsc256_Dfb256,4,32,256,256,proposed,specialist_df0_da256,"Specialist (0,256)",best,50000,/home/r50037942/project/03_PRECODER/runs_as_screen/proposal_specialists/checkpoints/hybrid_gnn_specialist_K4_Nsc256_Dfb256_f000_a100_df0_da256_sb4_k4_n256_standard_seed42/best.pth,0,256,0.0,1.0,25.0,25.0,1600,29.29583740234375,0.0825192928314209,29.134099588394164,29.457575216293336,nan,20260921,256.0,0.0,256.0,256.0,-13.023554801940918,0.06141214966773987,-13.143922615289688,-12.903186988592148,specialist,1.0,completed
K4_Nsc256_Dfb256,4,32,256,256,proposed,specialist_df16_da192,"Specialist (16,192)",best,47000,/home/r50037942/project/03_PRECODER/runs_as_screen/proposal_specialists/checkpoints/hybrid_gnn_specialist_K4_Nsc256_Dfb256_f025_a075_df16_da192_sb4_k4_n256_standard_seed42/best.pth,16,192,0.25,0.75,25.0,25.0,1600,28.42984390258789,0.07758998274803161,28.277767536401747,28.581920268774034,nan,20260921,256.0,9.539724743490296e-09,255.99999998130215,256.00000001869785,-8.758923530578613,0.024665726721286772,-8.807268354952335,-8.710578706204892,specialist,0.75,completed
K4_Nsc256_Dfb256,4,32,256,256,proposed,specialist_df32_da128,"Specialist (32,128)",best,46500,/home/r50037942/project/03_PRECODER/runs_as_screen/proposal_specialists/checkpoints/hybrid_gnn_specialist_K4_Nsc256_Dfb256_f050_a050_df32_da128_sb4_k4_n256_standard_seed42/best.pth,32,128,0.5,0.5,25.0,25.0,1600,27.729412078857422,0.07576149702072144,27.58091954469681,27.877904613018035,nan,20260921,256.0,0.0,256.0,256.0,-10.282222747802734,0.04806875884532928,-10.37643751513958,-10.188007980465889,specialist,0.5,completed
K4_Nsc256_Dfb256,4,32,256,256,proposed,specialist_df48_da64,"Specialist (48,64)",best,47500,/home/r50037942/project/03_PRECODER/runs_as_screen/proposal_specialists/checkpoints/hybrid_gnn_specialist_K4_Nsc256_Dfb256_f075_a025_df48_da64_sb4_k4_n256_standard_seed42/best.pth,48,64,0.75,0.25,25.0,25.0,1600,27.486000061035156,0.07726433277130126,27.334561968803406,27.637438153266906,nan,20260921,256.0,0.0,256.0,256.0,-12.669973373413086,0.0701286256313324,-12.807425479650497,-12.532521267175674,specialist,0.25,completed
K4_Nsc256_Dfb256,4,32,256,256,proposed,specialist_df64_da0,"Specialist (64,0)",best,49000,/home/r50037942/project/03_PRECODER/runs_as_screen/proposal_specialists/checkpoints/hybrid_gnn_specialist_K4_Nsc256_Dfb256_f100_a000_df64_da0_sb4_k4_n256_standard_seed42/best.pth,64,0,1.0,0.0,25.0,25.0,1600,28.54535675048828,0.084395432472229,28.37994170284271,28.71077179813385,nan,20260921,256.0,0.0,256.0,256.0,-4.410120964050293,0.0141521617770195,-4.437859201133251,-4.382382726967335,specialist,0.0,completed
K4_Nsc256_Dfb256,4,32,256,256,swin,swin,Swin-based FDMA,best,49000,/home/r50037942/project/03_PRECODER/runs_as_screen/baselines/checkpoints/swin_task_K4_Nsc256_Dfb256_Df64_sharedUE_seed42/best.pth,64,0,1.0,0.0,25.0,25.0,1600,28.94817543029785,0.08984786868095399,28.772073607683183,29.12427725291252,0.001,20260921,256.0,1.1605576446527266e-07,255.9999997725307,256.0000002274693,0.219264417886734,0.0013832252472639084,0.21655329640209675,0.22197553937137127,Swin,0.0,completed
K4_Nsc256_Dfb256,4,32,256,256,proposed,universal,Proposed universal,best,48000,/home/r50037942/project/03_PRECODER/runs_deployzf_v1/checkpoints/hybrid_gnn_adaptive_K4_Nsc256_Dfb256_grid5_f100_a000-f075_a025-f050_a050-f025_a075-f000_a100_sb4_k4_n256_standard_seed42/best.pth,0,256,0.0,1.0,25.0,25.0,1600,27.398174285888672,0.07735811471939087,27.246552381038665,27.54979619073868,nan,20260921,256.0,0.0,256.0,256.0,-6.679683208465576,0.025096002221107482,-6.728871372818947,-6.630495044112205,universal,1.0,completed
K4_Nsc256_Dfb256,4,32,256,256,proposed,universal,Proposed universal,best,48000,/home/r50037942/project/03_PRECODER/runs_deployzf_v1/checkpoints/hybrid_gnn_adaptive_K4_Nsc256_Dfb256_grid5_f100_a000-f075_a025-f050_a050-f025_a075-f000_a100_sb4_k4_n256_standard_seed42/best.pth,16,192,0.25,0.75,25.0,25.0,1600,27.2398681640625,0.07655104398727416,27.089828117847443,27.389908210277557,nan,20260921,256.0,0.0,256.0,256.0,-7.131680488586426,0.028079283237457276,-7.186715883731842,-7.07664509344101,universal,0.75,completed
K4_Nsc256_Dfb256,4,32,256,256,proposed,universal,Proposed universal,best,48000,/home/r50037942/project/03_PRECODER/runs_deployzf_v1/checkpoints/hybrid_gnn_adaptive_K4_Nsc256_Dfb256_grid5_f100_a000-f075_a025-f050_a050-f025_a075-f000_a100_sb4_k4_n256_standard_seed42/best.pth,32,128,0.5,0.5,25.0,25.0,1600,26.2622013092041,0.07416426539421081,26.116839349031448,26.407563269376755,nan,20260921,256.0,0.0,256.0,256.0,-6.8299665451049805,0.027202141284942628,-6.883282742023468,-6.776650348186493,universal,0.5,completed
K4_Nsc256_Dfb256,4,32,256,256,proposed,universal,Proposed universal,best,48000,/home/r50037942/project/03_PRECODER/runs_deployzf_v1/checkpoints/hybrid_gnn_adaptive_K4_Nsc256_Dfb256_grid5_f100_a000-f075_a025-f050_a050-f025_a075-f000_a100_sb4_k4_n256_standard_seed42/best.pth,48,64,0.75,0.25,25.0,25.0,1600,24.901456832885742,0.07240849137306213,24.75953618979454,25.043377475976943,nan,20260921,256.0,9.539724743490296e-09,255.99999998130215,256.00000001869785,-6.735736846923828,0.02703668177127838,-6.788728743195533,-6.682744950652123,universal,0.25,completed
K4_Nsc256_Dfb256,4,32,256,256,proposed,universal,Proposed universal,best,48000,/home/r50037942/project/03_PRECODER/runs_deployzf_v1/checkpoints/hybrid_gnn_adaptive_K4_Nsc256_Dfb256_grid5_f100_a000-f075_a025-f050_a050-f025_a075-f000_a100_sb4_k4_n256_standard_seed42/best.pth,64,0,1.0,0.0,25.0,25.0,1600,20.68960189819336,0.08264844417572022,20.52761094760895,20.85159284877777,nan,20260921,256.0,0.0,256.0,256.0,-6.780282020568848,0.029859688878059388,-6.838807010769844,-6.7217570303678515,universal,0.0,completed
